Result,Comment
negative,Here's hoping his liver can survive it.
negative,"Honestly, Manny's arm is better. Brooks fielded the bunt better, but no one bunts any more."
positive,Boy oh boy fellas it is good to be back
negative,What inning?
negative,Yeah man it's super frustrating. Definitely check out some Bulls games though!
negative,"A similar system is used here on Mars, sue me."
positive,Welcome to the best baseball subreddit.
negative,"Hey, cut it out with those Canuckistanian temps, hoser."
positive,*Found myself in the grocery isle...*
negative,"BALTIMORE ORIOLES NUMBER ONE!

> BALTIMORE ORIOLES NUMBER ONE!

>> BALTIMORE ORIOLES NUMBER ONE!

>>> BALTIMORE ORIOLES NUMBER ONE!

>>>> BALTIMORE ORIOLES NUMBER ONE!

>>>>> BALTIMORE ORIOLES NUMBER ONE!"
