2shup,5z7eev,devxbww,qo1k5,parkourdeer
2shup,5z1hnu,deuqsy7,eh5fq,FreeRunningEngineer
2shup,5z1hnu,deutn5l,12ugs9,SecretAgentMemer
2shup,5z1hnu,devj7nk,bg18v,kinnunenenenen
2shup,5z1hnu,devrj50,165s6l,nprakash214
2shup,5z1faa,deurhyz,j4ffk,1stbaser
2shup,5z1faa,dev5tsh,csboj,you_are_who
2shup,5z1faa,devtfp6,zryea,DottedGlass
2shup,5z1faa,devxh3d,qo1k5,parkourdeer
2shup,5ywujh,detsizz,la3ol,bmorebio
2shup,5ywujh,detiv1v,mdd34,a2z95
2shup,5ywujh,deu1mpk,45vec,nwf
2shup,5ywujh,deuutrb,12ugs9,SecretAgentMemer
2shup,5ywujh,devxyhc,qo1k5,parkourdeer
2shup,5ywujh,deu8wff,6z3eu,mlbvsnba
2shup,5ywujh,dew6nym,mdd34,a2z95
2shup,5ypv13,desbowl,9ktyk,DatBlizzard
2shup,5ypv13,descdy6,g06lu,pyroclasts
2shup,5ynr08,derx25y,we6b2,wowfuckthisshit
2shup,5ynr08,derklkn,j4ffk,1stbaser
2shup,5ynr08,dery15x,e8rkg,water_in_the_forest
2shup,5ynr08,dery50j,csboj,you_are_who
2shup,5ynr08,deun159,dk5tr,gogogadgt
2shup,5x2vap,deeyqjh,b190k,drjsc
2shup,5wyv8c,deeimx4,4pd7d,nah_you_good
2shup,5wyv8c,desjzf1,bwl9i,amnnn
2shup,5wxkz1,dedqpvu,8jyvf,slthomp2
2shup,5wxkz1,deeh11o,k844d,strukbylightnin
2shup,5wxkz1,dee2vjl,wbula,BadEThrowaway
2shup,5wsu18,ded5sju,5u9gs,amattadohb
2shup,5wsu18,dedccvz,5jp0x,StrangeShuckles
2shup,5wsu18,dedr1j4,8jyvf,slthomp2
2shup,5wk83j,dearhfz,8jyvf,slthomp2
2shup,5wk83j,demsey3,yzwqf,SassyJazzBreaker
2shup,5wk83j,debos7k,uh6oe,CraftyRice
2shup,5wk83j,deiiaql,a6a68,tomjerry777
2shup,5wb5b7,de8s01f,5jp0x,StrangeShuckles
2shup,5wb5b7,dee53h2,qo1k5,parkourdeer
2shup,5wb5b7,de8voit,mq4pw,Kim-Jong-Deux
2shup,5wb5b7,de92sw5,4omi4,MyTribeCalledQuest
2shup,5wamy3,de8wtui,csboj,you_are_who
2shup,5wamy3,de8ygza,8jyvf,slthomp2
2shup,5w2dv1,de6y2gb,4omi4,MyTribeCalledQuest
2shup,5w2dv1,de6tojt,6jzfr,aWickedGangAreWe
2shup,5w2dv1,de7khdf,9t26v,speedisavirus
2shup,5w2dv1,de7kns6,j4ffk,1stbaser
2shup,5vyrwm,de6fvyz,j4ffk,1stbaser
2shup,5vyrwm,de685be,kqbiv,18418871
2shup,5vyrwm,de6ao67,we6b2,wowfuckthisshit
2shup,5vypoy,de61wv0,92656,jrjohnstone
2shup,5vypoy,de5z9b4,a6a68,tomjerry777
2shup,5vypoy,desmqmz,tm22o,andreaslordos
2shup,5vss06,de4k2ih,mdblk,nathanclingan
2shup,5vrfg3,de493b2,pb85b,my_gamertag_wastaken
2shup,5vrfg3,de4e94z,48r1w,Jernon
2shup,5vrfg3,de7hqti,k844d,strukbylightnin
2shup,5vo4sk,de3la25,csboj,you_are_who
2shup,5vo4sk,de7hy5u,k844d,strukbylightnin
2shup,5vnonp,de3ktg1,o6jb3,Nois88
2shup,5vnonp,de497iq,86z7y,hungryhungryhippooo
2shup,5vnonp,de45d8g,wbula,BadEThrowaway
2shup,5vjx6w,de2y90w,j4ffk,1stbaser
2shup,5vjx6w,de31quu,8jyvf,slthomp2
2shup,5vjx6w,de3d73r,k844d,strukbylightnin
2shup,5vjx6w,de3jds9,15kywc,bluejay_98
2shup,5vjx6w,de2wpsd,pb85b,my_gamertag_wastaken
2shup,5vjx6w,de36y9n,ff4et,IMPERIALteig
2shup,5vi2gl,de2c2t7,csboj,you_are_who
2shup,5vi2gl,de2nkjo,51tvh,maxximillian
2shup,5vi2gl,de2aq9e,4pd7d,nah_you_good
2shup,5vi2gl,de2c8h3,j4ffk,1stbaser
2shup,5vi2gl,de35kwx,h5h83,IncompetentPotato
2shup,5v5ojh,ddzhsew,x56tv,nkrishn9
2shup,5v5ojh,ddzuqt0,ff4et,IMPERIALteig
2shup,5v5ojh,de35nu7,h5h83,IncompetentPotato
2shup,5v5ojh,de0y5yh,15kywc,bluejay_98
2shup,5uvybe,ddxe08w,bqbhi,EpicCelloMan54
2shup,5uo0gn,ddyqzvu,tqfp9,bootelo
2shup,5uo0gn,ddvx7ln,j4ffk,1stbaser
2shup,5uo0gn,ddyi6mg,tqfp9,bootelo
2shup,5tmb29,ddnlucd,csboj,you_are_who
2shup,5tmb29,ddob0e8,e8rkg,water_in_the_forest
2shup,5tmb29,ddon7p2,b190k,drjsc
2shup,5tmb29,ddqvwgg,pfo9g,Hipsterds
2shup,5tmb29,ddvg251,pb85b,my_gamertag_wastaken
2shup,5tmb29,deipgsh,b1p5x,hoshbut
2shup,5t4smm,ddkayjq,csboj,you_are_who
2shup,5t4smm,ddlb870,6lyz8,Solian
2shup,5t4smm,ddnhtkb,v2dh2,vistastructions
2shup,5t4smm,ddqpjix,u9zly,loricae
2shup,5swslh,ddj5xdx,8iipw,OhHerroSpreen
2shup,5swalb,ddif0xs,127cxs,Pokerdude02052
2shup,5swalb,ddiffn7,4omi4,MyTribeCalledQuest
2shup,5rz19l,ddc2rs8,we6b2,wowfuckthisshit
2shup,5rz19l,ddbcaox,znk0r,overlapt
2shup,5rz19l,ddbirgj,csboj,you_are_who
2shup,5rxsfq,ddb34uc,csboj,you_are_who
2shup,5rxsfq,ddbbskr,142uyg,yiqz
2shup,5rxsfq,ddbbyg2,86z7y,hungryhungryhippooo
2shup,5rsgg8,ddaj87u,6tz0t,kpbasketball93
2shup,5rsgg8,ddcj6oy,emibb,Anthrax175
2shup,5rsgg8,ddncl0f,bqz9i,tantheta
2shup,5rjc9l,dd7x6zo,zryea,DottedGlass
2shup,5rjc9l,dd8ruyo,86z7y,hungryhungryhippooo
2shup,5rjc9l,dd8sggs,fq5iu,kalotypography
2shup,5rjc9l,dd8hljw,yzwqf,SassyJazzBreaker
2shup,5rhhvf,dd8myjt,4yeuo,GrimTuesday
2shup,5rhhvf,dd7usmd,ff4et,IMPERIALteig
2shup,5rhhvf,dd7yfdi,woigv,Antique_Healbot
2shup,5rhhvf,dd7alhd,k844d,strukbylightnin
2shup,5rhhvf,ddae4vx,5jp0x,StrangeShuckles
2shup,5rhhvf,dd8h9qr,yzwqf,SassyJazzBreaker
2shup,5r0nro,dd3j2rk,78qkb,gregofthe
2shup,5r0nro,dd3sl4d,8jyvf,slthomp2
2shup,5qscmp,dd1uw1c,csboj,you_are_who
2shup,5qscmp,dd28rur,8jyvf,slthomp2
2shup,5qscmp,dd2ti5u,a6a68,tomjerry777
2shup,5qscmp,dd3e09k,1455fr,APoo-fulWarrior
2shup,5qitxp,dczm6hg,4nkty,jz911
2shup,5qitxp,dcznvjj,csboj,you_are_who
2shup,5qig4c,dczkv2g,54pqo,hongkongdryclean
2shup,5qig4c,dd06s3y,nn5k3,Ryguy8954
2shup,5qfn5f,dd4ittg,j4ffk,1stbaser
2shup,5qfn5f,dcyw89a,csboj,you_are_who
2shup,5qel0o,dcynda9,e8rkg,water_in_the_forest
2shup,5qel0o,dczbtyg,mbedi,Atay25
2shup,5qdt6l,dcymyuk,8jyvf,slthomp2
2shup,5qdt6l,dcyly22,bqz9i,tantheta
2shup,5qdt6l,ddl4luj,pb85b,my_gamertag_wastaken
2shup,5qdt6l,dcyplla,e8rkg,water_in_the_forest
2shup,5q8lku,dcx9inp,csboj,you_are_who
2shup,5q4tes,dcwh3ic,5r88e,BaseLime
2shup,5q4tes,dcweasz,j4ffk,1stbaser
2shup,5q4tes,dcwhfok,5jp0x,StrangeShuckles
2shup,5q4tes,dcwqx77,7o37p,palmtreesh526
2shup,5q4tes,dcwiii8,qo1k5,parkourdeer
2shup,5px2bd,dcwcmm5,yzwqf,SassyJazzBreaker
2shup,5px2bd,dcuk8a2,dm0ss,GoSh4rks
2shup,5px2bd,dculhgd,86z7y,hungryhungryhippooo
2shup,5px2bd,dcukj41,qo1k5,parkourdeer
2shup,5px2bd,dcv6sd2,142uyg,yiqz
2shup,5px2bd,dcvot89,8qq4c,CrypticParagon
2shup,5px2bd,dcvxt1d,j4ffk,1stbaser
2shup,5px2bd,dcvkq4z,6nksr,Yawehg
2shup,5px2bd,de360ju,h5h83,IncompetentPotato
2shup,5pss0o,dctmpns,6lyz8,Solian
2shup,5ps4p3,dctgrys,9at64,GHOST6
2shup,5ps4p3,dctkyz3,8qq4c,CrypticParagon
2shup,5omu08,dckxrgu,4pd7d,nah_you_good
2shup,5omu08,dcl0wpe,7mv85,zweischeisse
2shup,5omu08,dclf6ya,51tvh,maxximillian
2shup,5omu08,dcmsssu,a6a68,tomjerry777
2shup,5oek9n,dcjduax,93rs2,gabe870
2shup,5oek9n,dcjgfkr,csboj,you_are_who
